cheesecake;b5a0831;Jason Thomas;2014-07-24

cheesecake;a23e4e9;Jason Thomas;2014-07-24

cheesecake;c6db52c;Jason Thomas;2014-05-16

cheesecake;97c9ffb;Jason Thomas;2014-05-16

cheesecake;d6052d6;Jason Thomas;2014-05-15

cheesecake;e0a2682;Jason Thomas;2014-05-15

cheesecake;be70f16;Jason Thomas;2014-05-15

cheesecake;2bb4c5a;Jason Thomas;2014-05-15

cheesecake;723bdba;Jason Thomas;2014-05-15

cheesecake;c1c440a;Jason Thomas;2014-05-15

cheesecake;3ef10e9;Stuart Colville;2014-05-15

cheesecake;e30eadd;Stuart Colville;2014-05-14

cheesecake;4943426;Jason Thomas;2014-04-25

cheesecake;bb5ae35;Jason Thomas;2014-04-25

cheesecake;a5015b2;Jason Thomas;2014-04-25

cheesecake;df6dcce;Jason Thomas;2014-04-25

cheesecake;f0691b7;Jason Thomas;2014-04-25

cheesecake;159f17f;Jason Thomas;2014-04-25

cheesecake;5093cc8;Jason Thomas;2014-04-25

cheesecake;ac92a8d;Jason Thomas;2014-04-25

cheesecake;c8ef64d;Jason Thomas;2014-04-25

cheesecake;1c09a02;Jason Thomas;2014-04-25

cheesecake;5918c4a;Jason Thomas;2014-04-25

cheesecake;28f27fe;Jason Thomas;2014-04-25

cheesecake;a796a6d;Jason Thomas;2014-04-25

cheesecake;122ea58;Jason Thomas;2014-04-25
oldpto;4686dac;Greg Cox;2022-11-30

oldpto;8d2364f;Greg Cox;2022-10-27

oldpto;f4bb113;gcoxmoz;2022-10-26

oldpto;54029a0;rtucker-mozilla;2019-11-26

oldpto;9450ac0;Rob Tucker;2019-11-26

oldpto;3594094;rtucker-mozilla;2019-11-21

oldpto;edc6e3c;Rob Tucker;2019-11-19

oldpto;3525328;Rob Tucker;2019-11-19

oldpto;60b808d;rtucker-mozilla;2019-11-19

oldpto;2238ff0;Frederik;2019-11-14

oldpto;06b5ffe;rtucker-mozilla;2019-04-01

oldpto;914ec54;Mozilla-GitHub-Standards;2019-03-29

oldpto;16a6947;Philippe M. Chiasson;2018-04-11

oldpto;8eae874;Philippe M. Chiasson;2018-04-11

oldpto;564c786;Philippe M. Chiasson;2018-04-11

oldpto;4321031;Fred Wenzel;2018-03-17

oldpto;c9db2ad;Byron Jones;2018-03-14

oldpto;de0fed8;Philippe M. Chiasson;2018-02-27

oldpto;b830406;Philippe M. Chiasson;2018-02-09

oldpto;7f62865;Philippe M. Chiasson;2018-02-09

oldpto;3422a6e;Philippe M. Chiasson;2018-02-09

oldpto;be54076;Philippe M. Chiasson;2018-02-09

oldpto;daec958;Philippe M. Chiasson;2018-02-09

oldpto;ca5b7d1;Philippe M. Chiasson;2018-02-07

oldpto;c47be8d;Philippe M. Chiasson;2018-02-06

oldpto;7bdd4f1;Philippe M. Chiasson;2018-02-06

oldpto;fe969d5;Philippe M. Chiasson;2018-02-06

oldpto;689238e;Philippe M. Chiasson;2018-02-06

oldpto;9902248;Philippe M. Chiasson;2018-02-06

oldpto;afb819c;Philippe M. Chiasson;2018-02-06

oldpto;3938578;Philippe M. Chiasson;2018-02-06

oldpto;ffd566a;Philippe M. Chiasson;2018-02-06

oldpto;503bca1;Philippe M. Chiasson;2018-02-05

oldpto;b489bd7;Philippe M. Chiasson;2018-02-05

oldpto;ecf62c3;Philippe M. Chiasson;2018-02-05

oldpto;1f3e117;Philippe M. Chiasson;2018-02-05

oldpto;ef9fbdf;Philippe M. Chiasson;2018-02-05

oldpto;1abc58f;Philippe M. Chiasson;2018-01-25

oldpto;a819e64;Philippe M. Chiasson;2018-01-25

oldpto;915ac5b;Philippe M. Chiasson;2018-01-25

oldpto;d73c270;Philippe M. Chiasson;2018-01-25

oldpto;97b4dba;Shyam Mani;2017-10-26

oldpto;3c2b157;Shyam Mani;2017-10-25

oldpto;cae44c3;rtucker-mozilla;2017-09-15

oldpto;55cfc13;Shyam Mani;2017-09-15

oldpto;d568620;Shyam Mani;2017-09-15

oldpto;18fecad;Shyam Mani;2017-09-08

oldpto;67a67b9;Shyam Mani;2017-09-08

oldpto;e6ba4cc;Shyam Mani;2017-09-08

oldpto;31f0edd;Shyam Mani;2017-09-08

oldpto;bed6887;Shyam Mani;2017-09-07

oldpto;e147357;Shyam Mani;2017-09-07

oldpto;b880032;Shyam Mani;2017-09-07

oldpto;2df212c;Shyam Mani;2017-09-07

oldpto;e3ee6e1;Shyam Mani;2017-08-31

oldpto;9db3570;Shyam Mani;2017-08-31

oldpto;79ada2a;Shyam Mani;2017-08-31

oldpto;86dd1ab;Shyam Mani;2017-08-31

oldpto;a38b06d;Shyam Mani;2017-08-25

oldpto;04186e3;Shyam Mani;2017-08-25

oldpto;669cd1a;Shyam Mani;2017-08-25

oldpto;490d7ac;Shyam Mani;2017-08-25

oldpto;96c85b0;Shyam Mani;2017-08-25

oldpto;f650b39;Shyam Mani;2017-08-25

oldpto;04dd466;Shyam Mani;2017-08-25

oldpto;642e709;Shyam Mani;2017-08-24

oldpto;f7a2505;Shyam Mani;2017-08-24

oldpto;a70a126;Shyam Mani;2017-08-24

oldpto;ed622dc;Shyam Mani;2017-08-18

oldpto;e8f9faf;rtucker-mozilla;2017-07-24

oldpto;6c01a46;rtucker-mozilla;2017-07-24

oldpto;d6c4792;Shyam Mani;2017-07-20

oldpto;29aacee;Shyam Mani;2017-07-20

oldpto;481e96d;Shyam Mani;2017-06-29

oldpto;70cee1f;Shyam Mani;2017-06-29

oldpto;99bbc91;Shyam Mani;2017-06-29

oldpto;cc52629;Shyam Mani;2017-06-29

oldpto;11ec04d;Shyam Mani;2017-06-29

oldpto;2772ed6;Shyam Mani;2017-06-28

oldpto;6993683;Shyam Mani;2017-06-28

oldpto;6313c8e;Shyam Mani;2017-06-28

oldpto;2c5f138;Shyam Mani;2017-06-28

oldpto;8122b0c;Shyam Mani;2017-06-28

oldpto;2ffcddc;Shyam Mani;2017-06-28

oldpto;c8610ca;Shyam Mani;2017-06-28

oldpto;ae159ce;Shyam Mani;2017-06-28

oldpto;75dde50;Shyam Mani;2017-06-28

oldpto;e7cfc99;Shyam Mani;2017-06-28

oldpto;9f0c7f2;Shyam Mani;2017-06-28

oldpto;88307db;Rob Tucker;2017-02-14

oldpto;3db495c;Fred Wenzel;2015-06-08

oldpto;8413a0a;Richard Soderberg;2015-06-08

oldpto;3307750;Laura Thomson;2015-04-22

oldpto;5f92bc7;Mike Connor;2015-04-22

oldpto;ebea21c;Laura Thomson;2015-04-09

oldpto;1fabd13;Mike Connor;2015-04-09

oldpto;185acae;Jake Maul;2015-03-09

oldpto;7849e48;Laura Thomson;2015-02-09

oldpto;5d861d3;Fred Wenzel;2015-02-09

oldpto;d06eb10;Laura Thomson;2014-10-03

oldpto;07b5560;Chris Turra;2014-10-03

oldpto;0276ec4;Chris Turra;2014-10-03

oldpto;7d3fa74;Chris Turra;2014-10-03

oldpto;c3eb1ab;Chris Turra;2014-10-02

oldpto;449c13f;Laura Thomson;2014-10-02

oldpto;7395287;Laura Thomson;2014-10-02

oldpto;a219cbe;Laura Thomson;2014-10-02

oldpto;9644b36;Fred Wenzel;2014-09-05

oldpto;1e248cd;Laura Thomson;2014-09-05

oldpto;457103a;Laura Thomson;2014-09-05

oldpto;d07a27e;Laura Thomson;2014-08-22

oldpto;0dda84b;Laura Thomson;2014-08-22

oldpto;f5bf625;Fred Wenzel;2014-08-21

oldpto;aab33b9;Fred Wenzel;2014-08-20

oldpto;de4ea96;Fred Wenzel;2014-08-20

oldpto;b83ece5;Fred Wenzel;2014-08-20

oldpto;af67b78;Laura Thomson;2014-08-18

oldpto;605c909;Laura Thomson;2014-08-18

oldpto;51eee33;Fred Wenzel;2014-08-15

oldpto;445ec65;Fred Wenzel;2014-08-15

oldpto;1df8b40;Fred Wenzel;2014-08-15

oldpto;cfe7be0;Fred Wenzel;2014-08-15

oldpto;58e2bd8;Laura Thomson;2014-08-11

oldpto;3657828;Laura Thomson;2014-08-11

oldpto;7de904f;Laura Thomson;2014-08-11

oldpto;a2cd9d9;Fred Wenzel;2014-08-11

oldpto;a47be10;Fred Wenzel;2014-08-11

oldpto;e1d8527;Fred Wenzel;2014-08-11

oldpto;c0e37cc;Fred Wenzel;2014-08-11

oldpto;c31020b;rtucker@mozilla.com;2014-02-25

oldpto;4897ab5;rtucker@mozilla.com;2013-09-03

oldpto;2fc8e79;rtucker@mozilla.com;2013-09-03

oldpto;84a2ba2;rtucker@mozilla.com;2013-09-03

oldpto;d61a326;rtucker@mozilla.com;2013-09-03

oldpto;0f227ac;rtucker@mozilla.com;2013-09-03

oldpto;80aab2e;rtucker@mozilla.com;2013-09-03

oldpto;aa86299;rtucker@mozilla.com;2013-09-03

oldpto;d03d364;rtucker@mozilla.com;2013-08-07

oldpto;6b00664;apodgorny@mozilla.com;2011-05-26

oldpto;e34ba5f;apodgorny@mozilla.com;2011-04-16

oldpto;ed165db;wlee@mozilla.com;2010-08-19

oldpto;0fd2d21;wlee@mozilla.com;2010-08-18

oldpto;081a1b3;wlee@mozilla.com;2010-08-09

oldpto;486d378;wlee@mozilla.com;2010-07-28

oldpto;3b54084;wlee@mozilla.com;2010-03-01

oldpto;1a899b7;wlee@mozilla.com;2010-03-01

oldpto;3c6c6e8;wlee@mozilla.com;2010-01-12

oldpto;a1f9e87;wlee@mozilla.com;2009-11-05

oldpto;a47152a;wlee@mozilla.com;2009-11-05

oldpto;f625726;wlee@mozilla.com;2009-10-31

oldpto;3ace60c;wlee@mozilla.com;2009-09-25

oldpto;6f34449;wlee@mozilla.com;2009-09-08

oldpto;2f471f6;wlee@mozilla.com;2009-09-01

oldpto;6bcad34;wlee@mozilla.com;2009-08-11

oldpto;a0e663c;wlee@mozilla.com;2009-08-10

oldpto;fd545b3;wlee@mozilla.com;2009-08-05

oldpto;1ed8fb8;wlee@mozilla.com;2009-08-04

oldpto;e867fc4;wlee@mozilla.com;2009-08-04

oldpto;9a07bdd;wlee@mozilla.com;2009-08-03

oldpto;9136809;wlee@mozilla.com;2009-08-03

oldpto;b7aeadf;wlee@mozilla.com;2009-08-03

oldpto;024c08f;wlee@mozilla.com;2009-08-03

oldpto;9ad67de;wlee@mozilla.com;2009-08-03

oldpto;d25e321;wlee@mozilla.com;2009-07-29

oldpto;4697403;wlee@mozilla.com;2009-07-28

oldpto;43fad0b;wlee@mozilla.com;2009-07-28

oldpto;78276ae;wlee@mozilla.com;2009-07-24

oldpto;881a79a;wlee@mozilla.com;2009-07-24

oldpto;3732df8;wlee@mozilla.com;2009-07-24

oldpto;d8e09ef;wlee@mozilla.com;2009-07-24

oldpto;7e5948d;wlee@mozilla.com;2009-07-24

oldpto;dfd3cfd;wlee@mozilla.com;2009-07-24

oldpto;17a08e3;wlee@mozilla.com;2009-07-24

oldpto;8a50bb0;wlee@mozilla.com;2009-07-24

oldpto;c83d4b8;wlee@mozilla.com;2009-07-24

oldpto;e8fba2d;wlee@mozilla.com;2009-07-24

oldpto;5633e90;wlee@mozilla.com;2009-07-24

oldpto;2c5e7e2;wlee@mozilla.com;2009-07-22

oldpto;d303909;wlee@mozilla.com;2009-07-22

oldpto;53bd135;wlee@mozilla.com;2009-07-22
opsec-puppet;389a163;Julien Vehent [:ulfr];2016-10-25

opsec-puppet;e5dfd3f;Aaron Meihm;2016-10-19

opsec-puppet;6595788;Aaron Meihm;2016-10-19

opsec-puppet;4acf324;Aaron Meihm;2016-09-23

opsec-puppet;7801629;Aaron Meihm;2016-08-16

opsec-puppet;e49399f;Aaron Meihm;2016-08-16

opsec-puppet;e009c5c;Aaron Meihm;2016-07-15

opsec-puppet;11b7022;Aaron Meihm;2016-07-15

opsec-puppet;aee1404;Aaron Meihm;2016-07-14

opsec-puppet;9bf0daf;Aaron Meihm;2016-07-14

opsec-puppet;93e6439;Aaron Meihm;2016-07-14

opsec-puppet;455bd43;Aaron Meihm;2016-07-14

opsec-puppet;52ab46b;Aaron Meihm;2016-05-31

opsec-puppet;4afce81;Aaron Meihm;2016-05-31

opsec-puppet;66a67d8;Julien Vehent [:ulfr];2016-05-18

opsec-puppet;46fcdff;Julien Vehent;2016-05-18

opsec-puppet;80bf9f8;Aaron Meihm;2016-01-29

opsec-puppet;2ee3577;Aaron Meihm;2016-01-29

opsec-puppet;96d4ff8;Aaron Meihm;2016-01-29

opsec-puppet;da62b94;Aaron Meihm;2016-01-29

opsec-puppet;4eaefc9;Aaron Meihm;2016-01-26

opsec-puppet;12f8751;Aaron Meihm;2016-01-26

opsec-puppet;8d7fad0;Aaron Meihm;2016-01-26

opsec-puppet;6bb8f53;Aaron Meihm;2016-01-26

opsec-puppet;47bf29a;Aaron Meihm;2016-01-26

opsec-puppet;81fa4f0;Aaron Meihm;2016-01-26

opsec-puppet;d21c30f;Julien Vehent [:ulfr];2016-01-19

opsec-puppet;f1dd9e8;Julien Vehent;2016-01-19

opsec-puppet;ae4fa15;Julien Vehent [:ulfr];2016-01-19

opsec-puppet;07adbab;Julien Vehent;2016-01-19

opsec-puppet;d710511;Aaron Meihm;2016-01-18

opsec-puppet;c8c896f;Aaron Meihm;2016-01-18

opsec-puppet;7047a4c;Aaron Meihm;2016-01-18

opsec-puppet;51ddcc6;Aaron Meihm;2016-01-18

opsec-puppet;03780a2;Aaron Meihm;2015-12-30

opsec-puppet;a43191d;Aaron Meihm;2015-12-30

opsec-puppet;e6dd5a5;Julien Vehent;2015-11-23

opsec-puppet;93772bc;Aaron Meihm;2015-11-23

opsec-puppet;b8cbc17;Aaron Meihm;2015-11-09

opsec-puppet;678f638;Julien Vehent;2015-11-09

opsec-puppet;7cf4419;Julien Vehent;2015-11-09

opsec-puppet;7199b44;Julien Vehent;2015-11-09

opsec-puppet;ef8c00a;Aaron Meihm;2015-11-09

opsec-puppet;504d044;Julien Vehent;2015-11-06

opsec-puppet;0c1526d;Julien Vehent;2015-11-06

opsec-puppet;2a0d523;Julien Vehent;2015-11-05

opsec-puppet;0303590;Aaron Meihm;2015-11-05

opsec-puppet;e583837;Julien Vehent;2015-10-29

opsec-puppet;879c7b9;Julien Vehent;2015-10-29

opsec-puppet;e876c63;Julien Vehent;2015-09-30

opsec-puppet;fe16723;Julien Vehent;2015-09-30

opsec-puppet;8450e4f;Julien Vehent;2015-09-29

opsec-puppet;a9ebbb9;Julien Vehent;2015-09-29

opsec-puppet;ad02b33;Julien Vehent;2015-09-23

opsec-puppet;d2a360d;Julien Vehent;2015-09-23

opsec-puppet;0d89827;Julien Vehent;2015-09-20

opsec-puppet;3af75c2;Julien Vehent;2015-09-20

opsec-puppet;e57ec7f;Julien Vehent;2015-09-20

opsec-puppet;6633fb0;Julien Vehent;2015-09-20

opsec-puppet;f463e1d;Julien Vehent;2015-09-18

opsec-puppet;4005feb;Julien Vehent;2015-09-18

opsec-puppet;41583f6;Julien Vehent;2015-09-18

opsec-puppet;7b5bc82;Julien Vehent;2015-09-11

opsec-puppet;4a8da74;Julien Vehent;2015-09-11

opsec-puppet;c0fc3bc;Julien Vehent;2015-09-10

opsec-puppet;a05e53d;Julien Vehent;2015-09-10

opsec-puppet;4a2a346;Julien Vehent;2015-09-10

opsec-puppet;9f30bab;Julien Vehent;2015-09-10

opsec-puppet;204a64b;Julien Vehent;2015-09-10

opsec-puppet;fe32563;Julien Vehent;2015-09-10

opsec-puppet;4d1c026;Julien Vehent;2015-09-10

opsec-puppet;974e8c9;Aaron Meihm;2015-07-21

opsec-puppet;a75124a;Aaron Meihm;2015-07-21

opsec-puppet;bc11f16;Aaron Meihm;2015-07-21

opsec-puppet;b360200;Julien Vehent;2015-07-21

opsec-puppet;fa19e22;Julien Vehent;2015-07-21

opsec-puppet;98c981a;Aaron Meihm;2015-07-20

opsec-puppet;9e44b04;Julien Vehent;2015-07-17

opsec-puppet;e50ab15;Julien Vehent;2015-07-17

opsec-puppet;3818e99;Julien Vehent;2015-07-14

opsec-puppet;69877f9;Julien Vehent;2015-07-14

opsec-puppet;e2bc65a;Julien Vehent;2015-05-19

opsec-puppet;fd964b1;Julien Vehent;2015-05-19

opsec-puppet;138c214;Julien Vehent;2015-05-19

opsec-puppet;809470e;Julien Vehent;2015-05-19

opsec-puppet;979fd05;Julien Vehent;2015-05-15

opsec-puppet;bb8b8ae;Julien Vehent;2015-05-15

opsec-puppet;b880e26;Julien Vehent;2015-05-15

opsec-puppet;f9e455d;Julien Vehent;2015-05-15

opsec-puppet;c5d39a2;Julien Vehent;2015-05-14

opsec-puppet;0ec5ee5;Julien Vehent;2015-05-14

opsec-puppet;eb8d539;Julien Vehent;2015-05-14

opsec-puppet;3dfa554;Julien Vehent;2015-05-14

opsec-puppet;c152f26;Julien Vehent;2015-05-14

opsec-puppet;c429bec;Julien Vehent;2015-05-14

opsec-puppet;6f2ef2f;Julien Vehent;2015-05-14

opsec-puppet;f66d963;Julien Vehent;2015-05-14

opsec-puppet;8743c78;Julien Vehent;2015-05-14

opsec-puppet;5c3fa99;Julien Vehent;2015-05-14

opsec-puppet;f225e37;Julien Vehent;2015-05-14

opsec-puppet;9bcdfca;Julien Vehent;2015-05-14

opsec-puppet;ee46a0a;Julien Vehent;2015-05-14

opsec-puppet;4411af1;Julien Vehent;2015-05-14

opsec-puppet;a68ae76;Julien Vehent;2015-05-14

opsec-puppet;d5c4e47;Julien Vehent;2015-05-14

opsec-puppet;c2565ad;Julien Vehent;2015-05-14

opsec-puppet;db58327;Julien Vehent;2015-05-14

opsec-puppet;4bd230d;Julien Vehent;2015-05-14

opsec-puppet;dd620ea;Julien Vehent;2015-05-14

opsec-puppet;4f21404;Julien Vehent;2015-05-13

opsec-puppet;7d2cb2f;Julien Vehent;2015-05-13

opsec-puppet;72a65e5;Julien Vehent;2015-05-13

opsec-puppet;35b4aed;Julien Vehent;2015-05-13

opsec-puppet;5736ecf;Julien Vehent;2015-05-13

opsec-puppet;ef804ff;Julien Vehent;2015-05-13

opsec-puppet;c7f2785;Julien Vehent;2015-05-13

opsec-puppet;345472d;Julien Vehent;2015-05-13

opsec-puppet;c85f878;Julien Vehent;2015-05-13

opsec-puppet;461e766;Julien Vehent;2015-05-13

opsec-puppet;1e4d87a;Julien Vehent;2015-05-12

opsec-puppet;204129b;Julien Vehent;2015-05-12

opsec-puppet;11a8a03;Julien Vehent;2015-04-14

opsec-puppet;c5da961;Julien Vehent;2015-04-14

opsec-puppet;2db4d4b;Julien Vehent;2015-04-14

opsec-puppet;1fc63bc;Julien Vehent;2015-04-14

opsec-puppet;ac039a9;Julien Vehent;2015-04-14

opsec-puppet;b9ba528;Julien Vehent;2015-04-14

opsec-puppet;8478d0c;Julien Vehent;2015-03-09

opsec-puppet;7f8ad06;Julien Vehent;2015-03-09

opsec-puppet;8f07a7d;Julien Vehent;2015-03-09

opsec-puppet;59da3a3;Julien Vehent;2015-03-09

opsec-puppet;9ea9ba2;Julien Vehent;2015-03-09

opsec-puppet;3120019;Julien Vehent;2015-03-09

opsec-puppet;55b2883;Julien Vehent;2015-03-09

opsec-puppet;956429a;Julien Vehent;2015-03-09

opsec-puppet;21d08cf;Julien Vehent;2015-03-09

opsec-puppet;fe0aaee;Julien Vehent;2015-03-09

opsec-puppet;acd5bef;Julien Vehent;2015-03-09

opsec-puppet;9e80198;Julien Vehent;2015-03-09

opsec-puppet;7073827;Julien Vehent;2015-03-09

opsec-puppet;b3350fc;Julien Vehent;2015-03-09

opsec-puppet;dd4153f;Julien Vehent;2015-03-05

opsec-puppet;ef8a1d7;Julien Vehent;2015-03-05

opsec-puppet;3e04a45;Julien Vehent;2015-02-26

opsec-puppet;ccaf9b8;Julien Vehent;2015-02-26

opsec-puppet;3a10bc3;Julien Vehent;2015-02-26

opsec-puppet;72529e8;Julien Vehent;2015-02-26

opsec-puppet;1c2e6ce;Julien Vehent;2015-02-25

opsec-puppet;c171bbb;Julien Vehent;2015-02-25

opsec-puppet;73f174b;Julien Vehent;2015-02-25

opsec-puppet;8a00952;Julien Vehent;2015-02-25

opsec-puppet;1309042;Guillaume Destuynder;2015-02-20

opsec-puppet;29d34bc;Michal Purzynski;2015-02-20

opsec-puppet;a5d7ddb;Michal Purzynski;2015-02-20

opsec-puppet;a6e878d;Julien Vehent;2015-02-20

opsec-puppet;8974204;Julien Vehent;2015-02-20

opsec-puppet;58ade91;Julien Vehent;2015-02-15

opsec-puppet;2f1cc53;Julien Vehent;2015-02-15

opsec-puppet;59ddad3;Julien Vehent;2015-02-15

opsec-puppet;14c864a;Julien Vehent;2015-02-15

opsec-puppet;f3fafb7;Julien Vehent;2015-02-15

opsec-puppet;2bfdc62;Julien Vehent;2015-02-15

opsec-puppet;e57a92e;Julien Vehent;2015-02-12

opsec-puppet;7f7cfc7;Julien Vehent;2015-02-12

opsec-puppet;b68be11;Julien Vehent;2015-02-12

opsec-puppet;c4c847b;Julien Vehent;2015-02-12

opsec-puppet;2f3cb16;Julien Vehent;2015-02-12

opsec-puppet;918b201;Julien Vehent;2015-02-09

opsec-puppet;4212a06;Julien Vehent;2015-02-09

opsec-puppet;82cb004;Julien Vehent;2015-02-09

opsec-puppet;674ebb6;Julien Vehent;2015-02-09

opsec-puppet;a41379d;Julien Vehent;2015-01-30

opsec-puppet;d48c4fd;Julien Vehent;2015-01-30

opsec-puppet;39e146c;Julien Vehent;2015-01-30

opsec-puppet;e835c27;Julien Vehent;2015-01-30

opsec-puppet;69a7966;Julien Vehent;2015-01-30

opsec-puppet;90ce1b1;Julien Vehent;2015-01-29

opsec-puppet;f73e63c;Guillaume Destuynder;2015-01-29

opsec-puppet;656f085;Julien Vehent;2015-01-15

opsec-puppet;82957d1;Julien Vehent;2015-01-15

opsec-puppet;dc3a09c;Julien Vehent;2015-01-15

opsec-puppet;a1895d9;Julien Vehent;2015-01-15

opsec-puppet;315ae00;Julien Vehent;2015-01-15

opsec-puppet;a2f197d;Julien Vehent;2015-01-15

opsec-puppet;1d10304;Julien Vehent;2015-01-15

opsec-puppet;27068f7;Julien Vehent;2015-01-15

opsec-puppet;200fd14;Julien Vehent;2015-01-15

opsec-puppet;b88e263;Julien Vehent;2015-01-15

opsec-puppet;c335165;Julien Vehent;2015-01-15

opsec-puppet;eaecb07;Julien Vehent;2015-01-15

opsec-puppet;d0fcd9c;Julien Vehent;2015-01-15

opsec-puppet;8778251;Julien Vehent;2015-01-15

opsec-puppet;17757c5;Julien Vehent;2015-01-15

opsec-puppet;c4ea02d;Julien Vehent;2015-01-15

opsec-puppet;3d116e6;Julien Vehent;2015-01-15

opsec-puppet;a15ff48;Julien Vehent;2015-01-15

opsec-puppet;1c78eb3;Julien Vehent;2015-01-12

opsec-puppet;a0e852d;Julien Vehent;2015-01-12

opsec-puppet;9a00982;Julien Vehent;2015-01-12

opsec-puppet;5d51181;Julien Vehent;2015-01-12

opsec-puppet;f64c873;Julien Vehent;2015-01-12

opsec-puppet;029d5cc;Julien Vehent;2015-01-12

opsec-puppet;da730d7;Julien Vehent;2015-01-12

opsec-puppet;ba97328;Julien Vehent;2015-01-12

opsec-puppet;9185809;Julien Vehent;2015-01-12

opsec-puppet;6395eb2;Julien Vehent;2015-01-12

opsec-puppet;f903191;Julien Vehent;2015-01-12

opsec-puppet;2cce841;Julien Vehent;2015-01-12

opsec-puppet;fc3d9ff;Julien Vehent;2015-01-12

opsec-puppet;61b9d95;Julien Vehent;2015-01-12

opsec-puppet;113de1e;Julien Vehent;2015-01-12

opsec-puppet;fde409e;Julien Vehent;2015-01-12

opsec-puppet;0a619b2;Julien Vehent;2015-01-12

opsec-puppet;4139c7d;Julien Vehent;2015-01-11

opsec-puppet;7697762;Julien Vehent;2015-01-11

opsec-puppet;3527409;Julien Vehent;2015-01-11

opsec-puppet;249a723;Julien Vehent;2015-01-11

opsec-puppet;daa31e5;Julien Vehent;2015-01-11
socorro-infra;a4ef5d6;Brian Pitts;2018-05-02

socorro-infra;27d5b9c;Brian Pitts;2018-05-02

socorro-infra;3017cae;Miles Crabill;2018-03-06

socorro-infra;55568a9;Miles Crabill;2018-03-06

socorro-infra;0ca265c;Miles Crabill;2018-03-02

socorro-infra;633789e;Miles Crabill;2018-03-01

socorro-infra;5f9c096;Miles Crabill;2018-02-19

socorro-infra;9f95b30;Miles Crabill;2018-02-16

socorro-infra;affd386;Miles Crabill;2018-01-08

socorro-infra;fa8b6c0;Miles Crabill;2018-01-08

socorro-infra;6685b30;Miles Crabill;2018-01-08

socorro-infra;070e854;Miles Crabill;2018-01-08

socorro-infra;628bf2a;Miles Crabill;2017-12-21

socorro-infra;36e73aa;Miles Crabill;2017-10-24

socorro-infra;4a746ae;Miles Crabill;2017-10-24

socorro-infra;866a41c;Miles Crabill;2017-09-01

socorro-infra;ad51c42;Miles Crabill;2017-09-01

socorro-infra;61fecef;Miles Crabill;2017-08-30

socorro-infra;90bc0d2;Greg Guthe;2017-08-18

socorro-infra;ac602d9;Greg Guthe;2017-08-18

socorro-infra;779ccf1;Miles Crabill;2017-08-16

socorro-infra;2d6042d;Miles Crabill;2017-08-16

socorro-infra;aa5c552;Miles Crabill;2017-08-15

socorro-infra;0a735e9;Miles Crabill;2017-08-15

socorro-infra;22d2ef8;Miles Crabill;2017-08-01

socorro-infra;86a9b87;Jonathan Claudius;2017-07-31

socorro-infra;ea9428e;Jonathan Claudius;2017-07-31

socorro-infra;ce52e59;Miles Crabill;2017-06-27

socorro-infra;a663b3f;Miles Crabill;2017-05-22

socorro-infra;171b0b5;Miles Crabill;2017-05-22

socorro-infra;3fd949b;Peter Bengtsson;2017-05-15

socorro-infra;c15bb34;Will Kahn-Greene;2017-05-05

socorro-infra;f9920cf;Will Kahn-Greene;2017-05-05

socorro-infra;b9178a9;Will Kahn-Greene;2017-04-24

socorro-infra;03b76ec;Will Kahn-Greene;2017-04-24

socorro-infra;988f7a1;Miles Crabill;2017-03-23

socorro-infra;a1d6b0b;Miles Crabill;2017-03-23

socorro-infra;f5e6d68;Miles Crabill;2017-03-22

socorro-infra;1c0ef2b;Miles Crabill;2017-03-22

socorro-infra;c9c9211;Miles Crabill;2017-03-22

socorro-infra;68de697;Miles Crabill;2017-03-20

socorro-infra;bb9b902;Miles Crabill;2017-03-07

socorro-infra;f3a4fac;Miles Crabill;2017-03-06

socorro-infra;14b585e;Miles Crabill;2017-02-09

socorro-infra;1cdad61;Will Kahn-Greene;2017-02-09

socorro-infra;2fc136f;Miles Crabill;2017-02-02

socorro-infra;c47c69e;Miles Crabill;2017-02-01

socorro-infra;4fb979b;Miles Crabill;2017-01-26

socorro-infra;bccb622;Miles Crabill;2017-01-26

socorro-infra;376469b;Miles Crabill;2017-01-24

socorro-infra;2a106da;Miles Crabill;2017-01-24

socorro-infra;e61f409;Miles Crabill;2017-01-24

socorro-infra;180d912;Miles Crabill;2017-01-24

socorro-infra;f3a6184;Miles Crabill;2017-01-23

socorro-infra;12d046c;Miles Crabill;2017-01-23

socorro-infra;6d846f5;Miles Crabill;2017-01-20

socorro-infra;c3786ac;Miles Crabill;2017-01-20

socorro-infra;381367c;Miles Crabill;2017-01-20

socorro-infra;b341f85;Miles Crabill;2017-01-20

socorro-infra;6998329;Miles Crabill;2017-01-12

socorro-infra;57bbf52;Miles Crabill;2017-01-12

socorro-infra;12a01cc;Miles Crabill;2017-01-12

socorro-infra;04431c5;Miles Crabill;2017-01-12

socorro-infra;4c4c66e;Miles Crabill;2017-01-11

socorro-infra;6765d81;Miles Crabill;2017-01-11

socorro-infra;052c008;Miles Crabill;2017-01-11

socorro-infra;71238e3;Miles Crabill;2017-01-11

socorro-infra;575a125;Miles Crabill;2017-01-11

socorro-infra;8f88407;Miles Crabill;2017-01-11

socorro-infra;d5b7165;Miles Crabill;2017-01-11

socorro-infra;be4ca79;Miles Crabill;2017-01-11

socorro-infra;cd43fad;Miles Crabill;2017-01-11

socorro-infra;e9cdbc8;Miles Crabill;2017-01-09

socorro-infra;1948e30;Miles Crabill;2017-01-09

socorro-infra;af8d767;Miles Crabill;2017-01-09

socorro-infra;8d94361;Miles Crabill;2017-01-06

socorro-infra;0575216;Miles Crabill;2017-01-06

socorro-infra;c7a9b27;Miles Crabill;2017-01-06

socorro-infra;cca8736;Miles Crabill;2017-01-06

socorro-infra;f0db6d3;Miles Crabill;2017-01-06

socorro-infra;07d44fe;Miles Crabill;2017-01-06

socorro-infra;2e6cb7e;Miles Crabill;2017-01-06

socorro-infra;716615b;Miles Crabill;2017-01-06

socorro-infra;5a24516;Miles Crabill;2017-01-06

socorro-infra;3b4a02a;Miles Crabill;2017-01-06

socorro-infra;96169ef;Miles Crabill;2017-01-06

socorro-infra;d333a86;Miles Crabill;2017-01-06

socorro-infra;1701f28;Miles Crabill;2017-01-06

socorro-infra;2e6f68d;Miles Crabill;2017-01-06

socorro-infra;85fdb15;Miles Crabill;2017-01-06

socorro-infra;5e44248;Miles Crabill;2017-01-06

socorro-infra;a4daf06;Miles Crabill;2017-01-04

socorro-infra;6a4f9b9;Miles Crabill;2017-01-04

socorro-infra;d66e269;Miles Crabill;2017-01-04

socorro-infra;fd35e37;Miles Crabill;2017-01-04

socorro-infra;868887e;Miles Crabill;2017-01-04

socorro-infra;6b38b0f;Miles Crabill;2017-01-04

socorro-infra;c54cf9c;Miles Crabill;2017-01-04

socorro-infra;1290a24;Miles Crabill;2017-01-04

socorro-infra;4358887;Miles Crabill;2017-01-04

socorro-infra;debbc51;Miles Crabill;2017-01-04

socorro-infra;f7c3ce7;Miles Crabill;2017-01-04

socorro-infra;dbb32e6;Miles Crabill;2017-01-04

socorro-infra;9ae377e;Miles Crabill;2017-01-04

socorro-infra;18832c4;Miles Crabill;2017-01-03

socorro-infra;b7b90ed;Miles Crabill;2016-12-13

socorro-infra;1316237;Miles Crabill;2016-12-13

socorro-infra;fb0d922;Lonnen;2016-12-08

socorro-infra;7b1e355;Miles Crabill;2016-12-08

socorro-infra;e5074cb;Miles Crabill;2016-12-08

socorro-infra;3672af8;Miles Crabill;2016-12-08

socorro-infra;221eb75;lonnen;2016-12-07

socorro-infra;69bed4d;Lonnen;2016-12-07

socorro-infra;1e63274;Lonnen;2016-12-07

socorro-infra;486c862;Miles Crabill;2016-12-07

socorro-infra;fe7926f;Miles Crabill;2016-12-07

socorro-infra;5136133;Miles Crabill;2016-12-07

socorro-infra;d49a4d6;Miles Crabill;2016-12-07

socorro-infra;fa0a39c;Miles Crabill;2016-12-07

socorro-infra;1ab4688;Miles Crabill;2016-12-02

socorro-infra;995f44c;Miles Crabill;2016-12-02

socorro-infra;40e0d0e;Miles Crabill;2016-12-02

socorro-infra;2951128;Miles Crabill;2016-12-02

socorro-infra;1e2b1b2;Miles Crabill;2016-12-02

socorro-infra;3ed4878;Miles Crabill;2016-12-02

socorro-infra;c1c4b2e;Miles Crabill;2016-12-02

socorro-infra;2a88f61;Miles Crabill;2016-12-02

socorro-infra;0a73933;Miles Crabill;2016-12-02

socorro-infra;a3ae745;Miles Crabill;2016-12-02

socorro-infra;c70d314;Miles Crabill;2016-12-02

socorro-infra;80e6340;Miles Crabill;2016-12-02

socorro-infra;58eda3b;Miles Crabill;2016-12-02

socorro-infra;39ef236;Miles Crabill;2016-12-01

socorro-infra;07476bb;Miles Crabill;2016-12-01

socorro-infra;aa3b272;Miles Crabill;2016-12-01

socorro-infra;320641a;Miles Crabill;2016-12-01

socorro-infra;96f1ad5;Miles Crabill;2016-12-01

socorro-infra;2b22940;Miles Crabill;2016-12-01

socorro-infra;b504042;Miles Crabill;2016-12-01

socorro-infra;bd22278;Miles Crabill;2016-11-30

socorro-infra;7dd3101;Miles Crabill;2016-11-30

socorro-infra;0b5dbdb;Miles Crabill;2016-11-30

socorro-infra;4fcc228;Miles Crabill;2016-11-30

socorro-infra;f0f4101;Miles Crabill;2016-11-30

socorro-infra;416e046;Miles Crabill;2016-11-29

socorro-infra;18ab471;Miles Crabill;2016-11-21

socorro-infra;c821fe8;Miles Crabill;2016-11-18

socorro-infra;1f328b8;Peter Bengtsson;2016-11-16

socorro-infra;5aa4dc4;Peter Bengtsson;2016-11-14

socorro-infra;8f647c4;JP Schneider;2016-10-20

socorro-infra;b3382b3;Peter Bengtsson;2016-10-20

socorro-infra;a3ff807;JP Schneider;2016-10-12

socorro-infra;d2493ca;JP;2016-10-12

socorro-infra;f304534;JP;2016-10-12

socorro-infra;5a29c78;JP Schneider;2016-08-22

socorro-infra;63c4aa6;JP;2016-08-22

socorro-infra;d4ad7c6;JP Schneider;2016-08-22

socorro-infra;a048079;JP;2016-08-22

socorro-infra;c421b88;JP Schneider;2016-08-18

socorro-infra;9dc16f5;JP Schneider;2016-08-18

socorro-infra;6d19a7c;JP Schneider;2016-08-18

socorro-infra;d6be80b;JP Schneider;2016-08-18

socorro-infra;a50ce79;dan phrawzty;2016-08-18

socorro-infra;cc9c866;Adrian Gaudebert;2016-08-18

socorro-infra;4f37041;Adrian Gaudebert;2016-08-18

socorro-infra;b626167;JP Schneider;2016-08-16

socorro-infra;471b4dc;JP;2016-08-16

socorro-infra;39ca122;JP Schneider;2016-08-11

socorro-infra;be3088f;JP;2016-08-11

socorro-infra;ed26b67;dan phrawzty;2016-08-11

socorro-infra;f38535d;Morton Fox;2016-08-10

socorro-infra;e73e2d8;JP Schneider;2016-04-08

socorro-infra;f50e0b4;Peter Bengtsson;2016-03-31

socorro-infra;ccb30c5;Peter Bengtsson;2016-03-16

socorro-infra;53f2439;JP Schneider;2016-03-15

socorro-infra;ae4b4da;lonnen;2016-03-15

socorro-infra;5e29f75;JP Schneider;2016-02-18

socorro-infra;e2b4a9e;JP Schneider;2016-02-05

socorro-infra;e682038;JP Schneider;2016-02-05

socorro-infra;5270e37;Peter Bengtsson;2016-02-05

socorro-infra;1199deb;Peter Bengtsson;2016-02-05

socorro-infra;630ce18;JP Schneider;2015-12-03

socorro-infra;2a79d4b;JP Schneider;2015-12-03

socorro-infra;61b8361;JP Schneider;2015-11-20

socorro-infra;6a40c4e;JP Schneider;2015-11-20

socorro-infra;c4ffb4e;JP Schneider;2015-11-19

socorro-infra;dc5c8f5;JP Schneider;2015-11-19

socorro-infra;7f1418c;JP Schneider;2015-11-12

socorro-infra;0542b55;JP Schneider;2015-10-21

socorro-infra;6978a6e;JP Schneider;2015-10-21

socorro-infra;c201cbd;JP Schneider;2015-10-21

socorro-infra;99c0bf2;JP Schneider;2015-10-21

socorro-infra;5f0ca7e;JP Schneider;2015-10-16

socorro-infra;cb1ce74;JP Schneider;2015-10-16

socorro-infra;4f4d115;Chris Lonnen;2015-10-14

socorro-infra;d94c76c;JP Schneider;2015-10-14

socorro-infra;6834dd8;JP Schneider;2015-10-08

socorro-infra;2907295;JP Schneider;2015-10-08

socorro-infra;dc47a37;JP Schneider;2015-10-08

socorro-infra;454835d;JP Schneider;2015-10-08

socorro-infra;deeec86;JP Schneider;2015-10-08

socorro-infra;451a3aa;JP Schneider;2015-10-08

socorro-infra;24d32a3;JP Schneider;2015-10-08

socorro-infra;134de33;JP Schneider;2015-10-08

socorro-infra;f48ba9b;JP Schneider;2015-10-08

socorro-infra;44b485c;JP Schneider;2015-10-08

socorro-infra;3a7a19f;JP Schneider;2015-10-08

socorro-infra;9abc17a;K Lars Lohn;2015-10-07

socorro-infra;7a2524b;JP Schneider;2015-10-07

socorro-infra;3b878ee;JP Schneider;2015-10-07

socorro-infra;a3297c2;JP Schneider;2015-09-14

socorro-infra;02418fb;Robert Helmer;2015-08-21

socorro-infra;e101fc7;JP Schneider;2015-08-21

socorro-infra;709d890;JP Schneider;2015-08-20

socorro-infra;53587a3;JP Schneider;2015-08-20

socorro-infra;d064aeb;Peter Bengtsson;2015-08-20

socorro-infra;e953c7b;JP Schneider;2015-08-20

socorro-infra;55f7d8a;Peter Bengtsson;2015-08-20

socorro-infra;fa04d9e;Peter Bengtsson;2015-08-19

socorro-infra;3a7871a;JP Schneider;2015-08-05

socorro-infra;d4d2b66;JP Schneider;2015-08-05

socorro-infra;debb944;JP Schneider;2015-08-03

socorro-infra;63ea5e2;JP Schneider;2015-08-03

socorro-infra;493e7b8;JP Schneider;2015-08-03

socorro-infra;33ee779;JP Schneider;2015-08-03

socorro-infra;bfb0a57;Robert Helmer;2015-08-03

socorro-infra;caf73d6;JP Schneider;2015-08-03

socorro-infra;756bb97;Adrian Gaudebert;2015-08-03

socorro-infra;2991bb7;JP Schneider;2015-07-31

socorro-infra;547fff0;JP Schneider;2015-07-31

socorro-infra;d926386;JP Schneider;2015-07-31

socorro-infra;5c45e31;JP Schneider;2015-07-31

socorro-infra;e27f73e;JP Schneider;2015-07-29

socorro-infra;75cd334;JP Schneider;2015-07-29

socorro-infra;64b59da;Robert Helmer;2015-07-29

socorro-infra;15550e7;Robert Helmer;2015-07-29

socorro-infra;4d15192;Robert Helmer;2015-07-29

socorro-infra;b91f886;JP Schneider;2015-07-29

socorro-infra;d49e4d8;JP Schneider;2015-07-29

socorro-infra;e481154;JP Schneider;2015-07-29

socorro-infra;20ca5bf;JP Schneider;2015-07-29

socorro-infra;f3ce1bf;Adrian Gaudebert;2015-07-29

socorro-infra;a4fdcb4;Robert Helmer;2015-07-28

socorro-infra;e57ec3f;JP Schneider;2015-07-28

socorro-infra;f02ff48;Robert Helmer;2015-07-28

socorro-infra;db13653;JP Schneider;2015-07-28

socorro-infra;2cf6430;JP Schneider;2015-07-28

socorro-infra;02a741a;JP Schneider;2015-07-28

socorro-infra;912083f;JP Schneider;2015-07-28

socorro-infra;a6e7439;JP Schneider;2015-07-28

socorro-infra;12a832c;JP Schneider;2015-07-28

socorro-infra;56b80cd;JP Schneider;2015-07-28

socorro-infra;0976dd8;JP Schneider;2015-07-28

socorro-infra;bee146a;JP Schneider;2015-07-28

socorro-infra;cd6fb38;dan;2015-07-08

socorro-infra;6c04e52;JP Schneider;2015-07-07

socorro-infra;a9720c3;JP Schneider;2015-07-07

socorro-infra;ac16169;JP Schneider;2015-07-07

socorro-infra;b2f3fdf;JP Schneider;2015-06-23

socorro-infra;4a1bb1b;Robert Helmer;2015-06-23

socorro-infra;7b25045;Robert Helmer;2015-06-23

socorro-infra;5b593d7;JP Schneider;2015-06-23

socorro-infra;1e20db9;Robert Helmer;2015-06-22

socorro-infra;5f5eaa4;JP Schneider;2015-06-18

socorro-infra;e266a8a;Robert Helmer;2015-06-18

socorro-infra;ab833db;dan;2015-06-18

socorro-infra;ab51a15;JP Schneider;2015-06-18

socorro-infra;502871e;JP Schneider;2015-06-16

socorro-infra;df46870;JP Schneider;2015-06-16

socorro-infra;b8d5804;JP Schneider;2015-06-16

socorro-infra;6e9d874;dan;2015-06-16

socorro-infra;6a2dde0;phrawzty;2015-06-16

socorro-infra;f21849a;Robert Helmer;2015-06-15

socorro-infra;c7278c1;Robert Helmer;2015-06-15

socorro-infra;2da4434;Robert Helmer;2015-06-15

socorro-infra;4b2d9b4;JP Schneider;2015-06-15

socorro-infra;7e0d302;dan;2015-06-12

socorro-infra;d28ddb2;phrawzty;2015-06-12

socorro-infra;00fbdd1;Robert Helmer;2015-06-11

socorro-infra;86d9fa9;Robert Helmer;2015-06-11

socorro-infra;526cec6;Robert Helmer;2015-06-11

socorro-infra;4ca8a23;phrawzty;2015-06-11

socorro-infra;c171f5d;phrawzty;2015-06-11

socorro-infra;3b16742;phrawzty;2015-06-11

socorro-infra;5f7d88f;JP Schneider;2015-06-09

socorro-infra;1d5dda1;dan;2015-06-09

socorro-infra;727fc40;Robert Helmer;2015-06-09

socorro-infra;f45eb47;Robert Helmer;2015-06-09

socorro-infra;42386be;Robert Helmer;2015-06-09

socorro-infra;62dc13b;phrawzty;2015-06-09

socorro-infra;2289c6d;Robert Helmer;2015-06-08

socorro-infra;ed393a9;JP Schneider;2015-06-04

socorro-infra;ef81edb;JP Schneider;2015-06-04

socorro-infra;504fbfc;JP Schneider;2015-06-04

socorro-infra;ea445ef;JP Schneider;2015-06-04

socorro-infra;c83518b;JP Schneider;2015-06-04

socorro-infra;787e003;JP Schneider;2015-06-04

socorro-infra;c1cda85;JP Schneider;2015-06-04

socorro-infra;4ef805d;Robert Helmer;2015-06-04

socorro-infra;80b34e6;JP Schneider;2015-06-04

socorro-infra;7910a2b;JP Schneider;2015-06-04

socorro-infra;5a3bc74;JP Schneider;2015-06-04

socorro-infra;09ed0d9;JP Schneider;2015-06-04

socorro-infra;c6d235f;JP Schneider;2015-06-04

socorro-infra;b749b7e;JP Schneider;2015-06-04

socorro-infra;0033ec7;Robert Helmer;2015-06-04

socorro-infra;336e1e6;JP Schneider;2015-06-04

socorro-infra;16d0a1b;JP Schneider;2015-06-04

socorro-infra;3102630;Adrian Gaudebert;2015-06-04

socorro-infra;37f4221;JP Schneider;2015-06-03

socorro-infra;f210730;Robert Helmer;2015-06-03

socorro-infra;f1a571d;JP Schneider;2015-06-03

socorro-infra;312a5d4;JP Schneider;2015-06-03

socorro-infra;5a122f2;Robert Helmer;2015-06-02

socorro-infra;4c5a4af;Robert Helmer;2015-06-02

socorro-infra;d263be4;JP Schneider;2015-06-01

socorro-infra;8fdd6a4;JP Schneider;2015-06-01

socorro-infra;98149d1;JP Schneider;2015-06-01

socorro-infra;e05cb93;JP Schneider;2015-06-01

socorro-infra;519e899;JP Schneider;2015-06-01

socorro-infra;2862651;JP Schneider;2015-06-01

socorro-infra;e228ec1;Robert Helmer;2015-06-01

socorro-infra;0971838;JP Schneider;2015-06-01

socorro-infra;a52104a;JP Schneider;2015-06-01

socorro-infra;eaf6d0e;JP Schneider;2015-06-01

socorro-infra;d47677a;Robert Helmer;2015-06-01

socorro-infra;12c2c07;Robert Helmer;2015-06-01

socorro-infra;f1595b0;Robert Helmer;2015-05-30

socorro-infra;546474a;JP Schneider;2015-05-30

socorro-infra;60fba11;JP Schneider;2015-05-30

socorro-infra;f355fec;Robert Helmer;2015-05-29

socorro-infra;87ecf0a;Robert Helmer;2015-05-29

socorro-infra;d9caf42;JP Schneider;2015-05-29

socorro-infra;1e8089f;Robert Helmer;2015-05-29

socorro-infra;e9f03a1;Robert Helmer;2015-05-29

socorro-infra;93891fa;JP Schneider;2015-05-28

socorro-infra;d347d00;Robert Helmer;2015-05-28

socorro-infra;7e5dbe4;phrawzty;2015-05-28

socorro-infra;2d95b72;Robert Helmer;2015-05-28

socorro-infra;1e4c3d1;Robert Helmer;2015-05-28

socorro-infra;1614aac;phrawzty;2015-05-28

socorro-infra;3e2533c;phrawzty;2015-05-28

socorro-infra;0a45ccc;phrawzty;2015-05-28

socorro-infra;a2ad2cb;dan;2015-05-28

socorro-infra;858f301;phrawzty;2015-05-28

socorro-infra;025938a;dan;2015-05-27

socorro-infra;1d0c37c;phrawzty;2015-05-27

socorro-infra;e97c212;phrawzty;2015-05-27

socorro-infra;5b4770a;Robert Helmer;2015-05-26

socorro-infra;b607f5a;Robert Helmer;2015-05-26

socorro-infra;afbd9b2;Robert Helmer;2015-05-26

socorro-infra;71da299;Robert Helmer;2015-05-26

socorro-infra;e16d5a1;JP Schneider;2015-05-26

socorro-infra;02dfd48;dan;2015-05-25

socorro-infra;e347f6b;JP Schneider;2015-05-22

socorro-infra;21835d4;JP Schneider;2015-05-22

socorro-infra;a08dd37;dan;2015-05-22

socorro-infra;1b4acd8;phrawzty;2015-05-22

socorro-infra;4765577;phrawzty;2015-05-22

socorro-infra;74a60fd;phrawzty;2015-05-22

socorro-infra;0f2b340;Robert Helmer;2015-05-22

socorro-infra;d9362ef;dan;2015-05-21

socorro-infra;99ad328;JP Schneider;2015-05-20

socorro-infra;def517e;phrawzty;2015-05-20

socorro-infra;f4fef00;phrawzty;2015-05-20

socorro-infra;903fb48;JP Schneider;2015-05-20

socorro-infra;67aa61f;dan;2015-05-20

socorro-infra;e3c8b00;phrawzty;2015-05-20

socorro-infra;248abfb;Robert Helmer;2015-05-19

socorro-infra;87495eb;JP Schneider;2015-05-19

socorro-infra;e29d4f2;Robert Helmer;2015-05-19

socorro-infra;2c2628d;Robert Helmer;2015-05-19

socorro-infra;011a8df;JP Schneider;2015-05-19

socorro-infra;7654cbc;Robert Helmer;2015-05-19

socorro-infra;4fb57b5;JP Schneider;2015-05-19

socorro-infra;e020cba;JP Schneider;2015-05-19

socorro-infra;83de1f8;JP Schneider;2015-05-19

socorro-infra;451db1c;JP Schneider;2015-05-19

socorro-infra;d427ca4;JP Schneider;2015-05-19

socorro-infra;91d184f;Robert Helmer;2015-05-19

socorro-infra;f0433e3;dan;2015-05-19

socorro-infra;d6a490c;JP Schneider;2015-05-19

socorro-infra;bb2d7e1;Robert Helmer;2015-05-15

socorro-infra;a2e8fd9;JP Schneider;2015-05-15

socorro-infra;8a7f64f;dan;2015-05-15

socorro-infra;0ad32f5;JP Schneider;2015-05-14

socorro-infra;b780c20;JP Schneider;2015-05-13

socorro-infra;54f14b2;JP Schneider;2015-05-13

socorro-infra;b2a188e;JP Schneider;2015-05-13

socorro-infra;aa6c7c6;JP Schneider;2015-05-13

socorro-infra;115c8f2;JP Schneider;2015-05-13

socorro-infra;c57b92d;JP Schneider;2015-05-13

socorro-infra;03f4559;Robert Helmer;2015-05-12

socorro-infra;d935f85;Robert Helmer;2015-05-12

socorro-infra;110d686;JP Schneider;2015-05-12

socorro-infra;c5bdb36;JP Schneider;2015-05-12

socorro-infra;0e77951;JP Schneider;2015-05-11

socorro-infra;afae8db;JP Schneider;2015-05-11

socorro-infra;9a9f7dc;JP Schneider;2015-05-11

socorro-infra;3bf267e;Robert Helmer;2015-05-11

socorro-infra;f28fea9;JP Schneider;2015-05-11

socorro-infra;d02b638;JP Schneider;2015-05-11

socorro-infra;7a7ed1c;Robert Helmer;2015-05-08

socorro-infra;fb899d9;Robert Helmer;2015-05-08

socorro-infra;7f4e2f5;dan;2015-05-07

socorro-infra;e33143e;JP Schneider;2015-05-07

socorro-infra;bc7789d;dan;2015-05-07

socorro-infra;3659576;JP Schneider;2015-05-07

socorro-infra;a5de37f;Robert Helmer;2015-05-06

socorro-infra;2889194;dan;2015-05-06

socorro-infra;29251c8;JP Schneider;2015-05-06

socorro-infra;a470299;phrawzty;2015-05-06

socorro-infra;ac1d3d4;JP Schneider;2015-05-06

socorro-infra;50190e3;phrawzty;2015-05-06

socorro-infra;3b54ea3;phrawzty;2015-05-06

socorro-infra;5dc2acf;Robert Helmer;2015-05-05

socorro-infra;6901056;JP Schneider;2015-05-05

socorro-infra;72797d9;JP Schneider;2015-05-05

socorro-infra;486df46;JP Schneider;2015-05-05

socorro-infra;ef1d6f4;JP Schneider;2015-05-05

socorro-infra;504cf89;Robert Helmer;2015-05-05

socorro-infra;b10b00b;Robert Helmer;2015-05-05

socorro-infra;f95c754;JP Schneider;2015-05-05

socorro-infra;c223845;JP Schneider;2015-05-05

socorro-infra;3323b05;Robert Helmer;2015-05-05

socorro-infra;636464d;JP Schneider;2015-05-04

socorro-infra;b798668;Robert Helmer;2015-05-04

socorro-infra;6ef7326;Robert Helmer;2015-05-04

socorro-infra;90904c0;JP Schneider;2015-05-04

socorro-infra;6c2757c;Robert Helmer;2015-04-30

socorro-infra;f56aefb;JP Schneider;2015-04-30

socorro-infra;b80469f;JP Schneider;2015-04-30

socorro-infra;f23a0c1;JP Schneider;2015-04-30

socorro-infra;96a0e2a;dan;2015-04-29

socorro-infra;6957e1a;dan;2015-04-29

socorro-infra;94cd481;phrawzty;2015-04-29

socorro-infra;d5b2f63;Robert Helmer;2015-04-28

socorro-infra;75a2598;phrawzty;2015-04-28

socorro-infra;2ec5f8c;Robert Helmer;2015-04-28

socorro-infra;fd82ceb;Robert Helmer;2015-04-27

socorro-infra;9965fe3;dan;2015-04-24

socorro-infra;367bc78;dan;2015-04-24

socorro-infra;9aad1c6;Robert Helmer;2015-04-24

socorro-infra;6248745;Robert Helmer;2015-04-24

socorro-infra;1751950;JP Schneider;2015-04-24

socorro-infra;b7b6163;Robert Helmer;2015-04-24

socorro-infra;b409e18;JP Schneider;2015-04-23

socorro-infra;d633f12;Robert Helmer;2015-04-23

socorro-infra;906ce54;Robert Helmer;2015-04-23

socorro-infra;ac8998e;JP Schneider;2015-04-23

socorro-infra;a3dc691;JP Schneider;2015-04-23

socorro-infra;a31ccff;Robert Helmer;2015-04-23

socorro-infra;5e38bf4;dan;2015-04-23

socorro-infra;3bcda81;Robert Helmer;2015-04-23

socorro-infra;ec2d54c;dan;2015-04-23

socorro-infra;1b7c195;Robert Helmer;2015-04-23

socorro-infra;2a4a157;Robert Helmer;2015-04-23

socorro-infra;5427c88;phrawzty;2015-04-23

socorro-infra;8d331bc;Robert Helmer;2015-04-23

socorro-infra;588d869;phrawzty;2015-04-23

socorro-infra;9e430cf;phrawzty;2015-04-23

socorro-infra;e411ce0;Robert Helmer;2015-04-23

socorro-infra;810e571;JP Schneider;2015-04-23

socorro-infra;0732313;dan;2015-04-23

socorro-infra;75bd494;phrawzty;2015-04-23

socorro-infra;f1bc764;dan;2015-04-23

socorro-infra;9b7167f;phrawzty;2015-04-23

socorro-infra;0ae9dda;Robert Helmer;2015-04-23

socorro-infra;732ace5;Robert Helmer;2015-04-23

socorro-infra;b4ec71e;phrawzty;2015-04-23

socorro-infra;fd9456f;Robert Helmer;2015-04-17

socorro-infra;4c22077;Robert Helmer;2015-04-17

socorro-infra;2e271a2;Robert Helmer;2015-04-17

socorro-infra;0cad741;Robert Helmer;2015-04-17

socorro-infra;817f3c6;dan;2015-04-16

socorro-infra;e0e32a4;Robert Helmer;2015-04-16

socorro-infra;8ad1238;Robert Helmer;2015-04-15

socorro-infra;e3753b2;Robert Helmer;2015-04-15

socorro-infra;03b8c9e;Robert Helmer;2015-04-08

socorro-infra;e0f1424;Robert Helmer;2015-04-08

socorro-infra;7336fa3;Robert Helmer;2015-04-08

socorro-infra;28f301b;Robert Helmer;2015-04-08

socorro-infra;fb28f18;Robert Helmer;2015-04-08

socorro-infra;558f087;Robert Helmer;2015-04-08

socorro-infra;d068b9f;Robert Helmer;2015-04-08

socorro-infra;17c86bd;Robert Helmer;2015-04-08

socorro-infra;41f650b;Robert Helmer;2015-04-08

socorro-infra;212bdf0;Robert Helmer;2015-04-08

socorro-infra;0bb7820;Robert Helmer;2015-04-08

socorro-infra;74baba4;dan;2015-04-01

socorro-infra;0db4e4e;phrawzty;2015-03-31

socorro-infra;7518bbc;dan;2015-03-31

socorro-infra;fe9793f;phrawzty;2015-03-31

socorro-infra;f01aeb9;Robert Helmer;2015-03-31

socorro-infra;ae25762;phrawzty;2015-03-30

socorro-infra;2737c39;dan;2015-03-30

socorro-infra;a0664c9;Robert Helmer;2015-03-28

socorro-infra;cc6ceff;phrawzty;2015-03-27

socorro-infra;bf2dc3e;dan;2015-03-27

socorro-infra;09b8d6b;Robert Helmer;2015-03-27

socorro-infra;dc3c8b2;dan;2015-03-26

socorro-infra;c30ee09;phrawzty;2015-03-26

socorro-infra;42d5f2b;phrawzty;2015-03-26

socorro-infra;b493f75;phrawzty;2015-03-26

socorro-infra;572bd1d;dan;2015-03-26

socorro-infra;465c986;Robert Helmer;2015-03-26

socorro-infra;3be24e9;dan;2015-03-26

socorro-infra;30f108a;phrawzty;2015-03-26

socorro-infra;be6f8a6;phrawzty;2015-03-26

socorro-infra;8545b33;phrawzty;2015-03-26

socorro-infra;dde829e;dan;2015-03-25

socorro-infra;8982576;phrawzty;2015-03-25

socorro-infra;2582950;Robert Helmer;2015-03-25

socorro-infra;3b0f60d;phrawzty;2015-03-25

socorro-infra;501fcb3;dan;2015-03-25

socorro-infra;1227386;phrawzty;2015-03-24

socorro-infra;380665f;dan;2015-03-24

socorro-infra;5bb1c22;phrawzty;2015-03-24

socorro-infra;a6f8d06;Robert Helmer;2015-03-23

socorro-infra;fd825a4;Robert Helmer;2015-03-23

socorro-infra;1b453d2;dan;2015-03-20

socorro-infra;65ed2c5;phrawzty;2015-03-20

socorro-infra;4bec92c;phrawzty;2015-03-20

socorro-infra;006b67b;phrawzty;2015-03-20

socorro-infra;4ff847b;dan;2015-03-20

socorro-infra;9fd563d;Robert Helmer;2015-03-19

socorro-infra;be73114;dan;2015-03-19

socorro-infra;8102245;phrawzty;2015-03-19

socorro-infra;77523b6;Robert Helmer;2015-03-18

socorro-infra;1ac094a;phrawzty;2015-03-18

socorro-infra;6ed7b9d;phrawzty;2015-03-18

socorro-infra;bb2edf9;Robert Helmer;2015-03-17

socorro-infra;199de02;dan;2015-03-17

socorro-infra;690a13e;phrawzty;2015-03-17

socorro-infra;f17dbb6;phrawzty;2015-03-16

socorro-infra;94f4aa1;dan;2015-03-12

socorro-infra;5ae3705;phrawzty;2015-03-12

socorro-infra;b718453;dan;2015-03-12

socorro-infra;a23082f;Robert Helmer;2015-03-12

socorro-infra;7399691;Robert Helmer;2015-03-12

socorro-infra;ea7acf1;phrawzty;2015-03-12

socorro-infra;ba17eaa;phrawzty;2015-03-12

socorro-infra;bd824dd;phrawzty;2015-03-11

socorro-infra;4f50816;Robert Helmer;2015-03-11

socorro-infra;694873c;Robert Helmer;2015-03-11

socorro-infra;85cedd2;Robert Helmer;2015-03-06

socorro-infra;0e099a6;phrawzty;2015-03-06

socorro-infra;2033a55;phrawzty;2015-03-05

socorro-infra;c89818f;Robert Helmer;2015-03-04

socorro-infra;418a1f2;phrawzty;2015-03-04

socorro-infra;28a799a;dan;2015-03-04

socorro-infra;f45c848;Robert Helmer;2015-03-04

socorro-infra;34fbb1f;dan;2015-03-04

socorro-infra;6a1a6e0;Robert Helmer;2015-03-04

socorro-infra;d9b49a6;Robert Helmer;2015-03-04

socorro-infra;9ac12c7;phrawzty;2015-03-04

socorro-infra;5014339;Robert Helmer;2015-03-03

socorro-infra;5ed7f1d;phrawzty;2015-03-03

socorro-infra;58427d0;dan;2015-03-02

socorro-infra;93583f8;phrawzty;2015-03-02

socorro-infra;a868baa;dan;2015-03-02

socorro-infra;9bcb4c2;phrawzty;2015-03-02

socorro-infra;b66d1ed;phrawzty;2015-03-02

socorro-infra;8755fec;phrawzty;2015-02-27

socorro-infra;842d8cd;Robert Helmer;2015-02-26

socorro-infra;7a6def4;Robert Helmer;2015-02-26

socorro-infra;c6e419a;Robert Helmer;2015-02-26

socorro-infra;ff8d2a6;dan;2015-02-26

socorro-infra;3b8f9db;Robert Helmer;2015-02-26

socorro-infra;16c957f;Robert Helmer;2015-02-26

socorro-infra;2d737a9;phrawzty;2015-02-26

socorro-infra;a2b3bef;Robert Helmer;2015-02-20

socorro-infra;89dca23;phrawzty;2015-02-20

socorro-infra;7b7dfe5;Robert Helmer;2015-02-19

socorro-infra;d3de452;phrawzty;2015-02-19

socorro-infra;f78a569;dan;2015-02-17

socorro-infra;d5fed09;dan;2015-02-16

socorro-infra;e5fa93c;phrawzty;2015-02-13

socorro-infra;22850a6;phrawzty;2015-02-12

socorro-infra;a19464d;dan;2015-02-10

socorro-infra;e6ba452;phrawzty;2015-02-10

socorro-infra;080daae;dan;2015-02-09

socorro-infra;3e927cb;phrawzty;2015-02-09

socorro-infra;a974a13;dan;2015-02-09

socorro-infra;46f3998;phrawzty;2015-02-09

socorro-infra;3c074a2;phrawzty;2015-02-09

socorro-infra;6b7e2c1;phrawzty;2015-02-09

socorro-infra;f4b1686;dan;2015-02-09

socorro-infra;7cfeb0f;phrawzty;2015-02-09

socorro-infra;29c126b;phrawzty;2015-02-09

socorro-infra;eb47e6e;dan;2015-01-29

socorro-infra;eb44b9b;phrawzty;2015-01-29

socorro-infra;379feb9;dan;2015-01-29

socorro-infra;793e8d1;phrawzty;2015-01-29

socorro-infra;46f6eab;dan;2015-01-28

socorro-infra;2974c1e;phrawzty;2015-01-28

socorro-infra;bf8630e;dan;2015-01-22

socorro-infra;85c2d8a;phrawzty;2015-01-22

socorro-infra;fa5344d;dan;2015-01-13

socorro-infra;8890de7;phrawzty;2015-01-12

socorro-infra;fcfa2a9;phrawzty;2015-01-12

socorro-infra;d8aa4ff;phrawzty;2015-01-12

socorro-infra;f97d610;dan;2015-01-12
